Ward Name,Latitude,Longitude,Satellite Temperature (C),Weather Station Temperature (C),Population Density (people/km²),Building Density (0-1),Green Cover (%),Elderly Population (%),Final_Temperature,Final_Temperature_Normalized,Population_Density_Normalized,Building_Density_Normalized,Green_Cover_Normalized,Elderly_Population_Normalized,Heat_Index,Vulnerability_Index,Vulnerability_Category,Heat_Risk_Label,AI_Predicted_Risk
Ward 001,28.5683,77.1634,31.69,30.71,9152,0.447,47.53,10.11,31.4,24.22,39.49,44.78,76.14,50.92,24.78,25.13,Low,Low,Low
Ward 002,28.5683,77.1682,31.69,30.56,8290,0.38,41.73,13.78,31.35,23.44,30.9,34.78,60.27,79.2,21.4,27.42,Low,Low,Low
Ward 003,28.5683,77.173,31.19,30.36,8363,0.424,46.18,10.82,30.94,17.03,31.63,41.34,72.45,56.39,17.43,18.83,Low,Low,Low
Ward 004,28.5683,77.1778,30.32,29.5,7712,0.392,41.52,13.42,30.07,3.44,25.14,36.57,59.7,76.43,7.01,12.37,Low,Low,Low
Ward 005,28.5683,77.1826,30.0,29.5,7002,0.371,41.33,13.41,29.85,0.0,18.07,33.43,59.18,76.35,2.04,7.35,Low,Low,Low
Ward 006,28.5683,77.1874,31.25,30.8,7762,0.436,39.71,12.15,31.12,19.84,25.64,43.13,54.75,66.64,20.56,24.05,Low,Low,Low
Ward 007,28.5683,77.1922,30.68,30.49,7990,0.398,36.43,10.49,30.62,12.03,27.91,37.46,45.77,53.85,15.62,16.49,Low,Low,Low
Ward 008,28.5683,77.197,31.72,31.21,8908,0.483,38.18,11.4,31.57,26.87,37.06,50.15,50.56,60.86,30.77,33.17,Medium,Low,Low
Ward 009,28.5683,77.2018,32.94,33.32,11149,0.551,38.15,11.26,33.05,50.0,59.38,60.3,50.48,59.78,54.99,57.35,Medium,Medium,Medium
Ward 010,28.5683,77.2066,31.31,29.86,10105,0.45,33.61,8.27,30.88,16.09,48.98,45.22,38.06,36.75,27.1,24.61,Low,Low,Low
Ward 011,28.5683,77.2114,30.0,29.5,8772,0.285,49.02,9.67,29.85,0.0,35.7,20.6,80.22,47.53,0.51,0.0,Low,Low,Low
Ward 012,28.5683,77.2162,32.06,30.7,9315,0.502,31.58,13.13,31.65,28.12,41.11,52.99,32.5,74.19,35.88,41.0,Medium,Medium,Medium
Ward 013,28.5683,77.221,31.04,30.48,8501,0.52,49.69,12.21,30.87,15.94,33.0,55.67,82.05,67.1,19.62,23.19,Low,Low,Low
Ward 014,28.5683,77.2258,31.38,30.03,10188,0.509,45.03,12.6,30.98,17.66,49.81,54.03,69.3,70.11,26.55,30.78,Low,Low,Low
Ward 015,28.5683,77.2306,30.47,29.66,10054,0.413,45.7,9.16,30.23,5.94,48.48,39.7,71.14,43.61,14.25,13.05,Low,Low,Low
Ward 016,28.5683,77.2354,33.25,31.19,10560,0.568,36.26,11.22,32.63,43.44,53.52,62.84,45.31,59.48,50.4,52.66,Medium,Medium,Medium
Ward 017,28.5683,77.2402,32.29,31.83,10575,0.38,29.03,13.99,32.15,35.94,53.67,34.78,25.53,80.82,40.54,47.03,Medium,Medium,Medium
Ward 018,28.5683,77.245,33.14,32.36,11708,0.461,29.82,14.11,32.91,47.81,64.95,46.87,27.69,81.74,54.47,61.25,Medium,Medium,Medium
Ward 019,28.5683,77.2498,30.09,29.5,8973,0.439,53.23,13.43,29.91,0.94,37.71,43.58,91.74,76.5,6.29,11.66,Low,Low,Low
Ward 020,28.5683,77.2546,33.72,32.54,11464,0.502,33.44,11.34,33.37,55.0,62.52,52.99,37.59,60.4,58.95,61.46,Medium,Medium,Medium
Ward 021,28.5731,77.1634,30.0,29.5,10292,0.147,46.42,12.83,29.85,0.0,50.85,0.0,73.11,71.88,0.0,4.39,Low,Low,Low
Ward 022,28.5731,77.1682,30.64,29.5,10775,0.463,40.21,12.57,30.3,7.03,55.66,47.16,56.11,69.88,20.92,25.06,Low,Low,Low
Ward 023,28.5731,77.173,30.64,30.61,5188,0.409,49.1,14.74,30.63,12.19,0.0,39.1,80.44,86.59,4.04,11.42,Low,Low,Low
Ward 024,28.5731,77.1778,30.43,29.5,7190,0.348,35.5,14.68,30.15,4.69,19.94,30.0,43.23,86.13,6.9,14.21,Low,Low,Low
Ward 025,28.5731,77.1826,32.29,30.92,7745,0.507,37.08,13.24,31.88,31.72,25.47,53.73,47.55,75.04,32.28,37.54,Medium,Low,Low
Ward 026,28.5731,77.1874,31.09,29.64,7742,0.523,43.56,14.82,30.65,12.5,25.44,56.12,65.28,87.21,17.66,25.27,Low,Low,Low
Ward 027,28.5731,77.1922,33.92,32.94,9363,0.669,43.03,11.69,33.63,59.06,41.59,77.91,63.83,63.1,59.22,62.27,Medium,Medium,Medium
Ward 028,28.5731,77.197,31.17,29.99,9493,0.559,27.36,11.58,30.82,15.16,42.89,61.49,20.96,62.25,31.5,34.18,Medium,Low,Low
Ward 029,28.5731,77.2018,31.1,30.47,10838,0.486,44.31,12.38,30.91,16.56,56.29,50.6,67.33,68.41,26.89,30.78,Low,Low,Low
Ward 030,28.5731,77.2066,30.88,30.79,9064,0.58,46.09,12.58,30.85,15.63,38.61,64.63,72.2,69.95,24.64,28.82,Low,Low,Low
Ward 031,28.5731,77.2114,30.0,29.5,6852,0.368,41.82,9.63,29.85,0.0,16.58,32.99,60.52,47.23,1.34,0.78,Low,Low,Low
Ward 032,28.5731,77.2162,32.79,31.68,10557,0.526,41.59,11.94,32.46,40.78,53.49,56.57,59.89,65.02,44.97,48.31,Medium,Medium,Medium
Ward 033,28.5731,77.221,30.0,29.5,8989,0.399,49.13,12.09,29.85,0.0,37.87,37.61,80.52,66.18,5.61,8.89,Low,Low,Low
Ward 034,28.5731,77.2258,30.57,30.47,9953,0.471,52.28,12.91,30.54,10.78,47.47,48.36,89.14,72.5,17.13,21.77,Low,Low,Low
Ward 035,28.5731,77.2306,31.23,31.24,9311,0.508,44.7,10.02,31.23,21.56,41.07,53.88,68.4,50.23,26.9,27.13,Low,Low,Low
Ward 036,28.5731,77.2354,32.91,31.9,9960,0.58,44.33,12.25,32.61,43.12,47.54,64.63,67.39,67.41,46.1,49.93,Medium,Medium,Medium
Ward 037,28.5731,77.2402,30.57,30.16,10422,0.465,39.32,14.05,30.45,9.37,52.14,47.46,53.68,81.28,21.95,28.4,Low,Low,Low
Ward 038,28.5731,77.245,30.33,30.0,9997,0.398,42.74,13.3,30.23,5.94,47.91,37.46,63.04,75.5,14.58,19.81,Low,Low,Low
Ward 039,28.5731,77.2498,31.9,30.3,9985,0.489,37.57,12.97,31.42,24.53,47.79,51.04,48.89,72.96,32.54,37.39,Medium,Low,Low
Ward 040,28.5731,77.2546,30.33,29.5,10847,0.491,56.25,16.39,30.08,3.59,56.38,51.34,100.0,99.31,14.05,24.07,Low,Low,Low
Ward 041,28.5779,77.1634,30.11,30.11,10380,0.47,47.95,11.25,30.11,4.06,51.72,48.21,77.29,59.71,15.32,17.37,Low,Low,Low
Ward 042,28.5779,77.1682,32.58,30.62,10524,0.452,35.11,11.17,31.99,33.44,53.16,45.52,42.16,59.09,39.38,41.48,Medium,Medium,Medium
Ward 043,28.5779,77.173,30.28,29.5,9723,0.448,36.06,11.76,30.05,3.12,45.18,44.93,44.76,63.64,16.41,19.26,Low,Low,Low
Ward 044,28.5779,77.1778,33.29,32.2,10364,0.55,32.22,8.86,32.96,48.59,51.56,60.15,34.25,41.29,54.08,52.7,Medium,Medium,Medium
Ward 045,28.5779,77.1826,31.37,32.37,11556,0.479,38.01,14.34,31.67,28.44,63.44,49.55,50.1,83.51,38.8,45.82,Medium,Medium,Medium
Ward 046,28.5779,77.1874,30.3,29.5,11652,0.508,47.67,12.61,30.06,3.28,64.4,53.88,76.53,70.18,19.81,24.0,Low,Low,Low
Ward 047,28.5779,77.1922,31.83,30.38,9495,0.509,41.03,8.53,31.39,24.06,42.91,54.03,58.36,38.75,30.45,28.39,Low,Low,Low
Ward 048,28.5779,77.197,32.58,32.07,10635,0.575,31.44,9.25,32.43,40.31,54.26,63.88,32.12,44.3,50.54,49.74,Medium,Medium,Medium
Ward 049,28.5779,77.2018,32.03,31.63,9209,0.548,36.07,8.27,31.91,32.19,40.06,59.85,44.79,36.75,38.52,36.12,Medium,Medium,Medium
Ward 050,28.5779,77.2066,32.12,31.68,8822,0.475,35.88,6.78,31.99,33.44,36.2,48.96,44.27,25.27,35.47,30.73,Low,Medium,Medium
Ward 051,28.5779,77.2114,30.4,31.26,11688,0.378,34.21,9.66,30.66,12.66,64.75,34.48,39.7,47.46,25.93,25.59,Low,Low,Low
Ward 052,28.5779,77.2162,33.84,32.18,11771,0.73,36.82,6.6,33.34,54.53,65.58,87.01,46.84,23.88,67.33,62.54,Medium,High,High
Ward 053,28.5779,77.221,32.24,31.81,11366,0.5,37.17,9.87,32.11,35.31,61.55,52.69,47.8,49.08,44.05,44.17,Medium,Medium,Medium
Ward 054,28.5779,77.2258,30.54,29.51,9121,0.376,34.11,9.38,30.23,5.94,39.18,34.18,39.43,45.3,14.53,13.67,Low,Low,Low
Ward 055,28.5779,77.2306,31.97,31.4,11120,0.509,30.66,13.41,31.8,30.47,59.1,54.03,29.99,76.35,42.89,48.5,Medium,Medium,Medium
Ward 056,28.5779,77.2354,32.93,32.18,8790,0.411,42.4,11.17,32.7,44.53,35.88,39.4,62.11,59.09,37.86,39.95,Medium,Medium,Medium
Ward 057,28.5779,77.2402,31.57,31.31,11110,0.447,36.17,12.02,31.49,25.62,59.0,44.78,45.06,65.64,35.12,38.51,Medium,Medium,Medium
Ward 058,28.5779,77.245,31.83,31.44,8983,0.57,49.68,12.17,31.71,29.06,37.81,63.13,82.02,66.8,31.71,35.31,Medium,Low,Low
Ward 059,28.5779,77.2498,31.43,29.5,8515,0.596,41.95,15.98,30.85,15.63,33.14,67.01,60.88,96.15,25.33,34.8,Medium,Low,Low
Ward 060,28.5779,77.2546,31.42,29.95,8627,0.451,36.91,15.61,30.98,17.66,34.26,45.37,47.09,93.3,23.04,31.92,Low,Low,Low
Ward 061,28.5827,77.1634,30.61,29.75,9838,0.416,34.46,12.23,30.35,7.81,46.32,40.15,40.38,67.26,19.17,22.77,Low,Low,Low
Ward 062,28.5827,77.1682,31.69,31.03,8232,0.386,35.08,12.21,31.49,25.62,30.32,35.67,42.08,67.1,25.39,29.0,Low,Low,Low
Ward 063,28.5827,77.173,31.69,30.23,9497,0.456,40.5,13.36,31.25,21.87,42.93,46.12,56.91,75.96,27.07,32.48,Low,Low,Low
Ward 064,28.5827,77.1778,33.84,32.76,12154,0.523,32.37,9.48,33.52,57.34,69.4,56.12,34.66,46.07,63.59,63.25,Medium,Medium,Medium
Ward 065,28.5827,77.1826,30.66,29.5,9864,0.528,46.76,12.17,30.31,7.19,46.58,56.87,74.04,66.8,18.79,22.3,Low,Low,Low
Ward 066,28.5827,77.1874,32.23,31.89,12052,0.575,35.88,8.11,32.13,35.63,68.38,63.88,44.27,35.52,49.56,46.99,Medium,Medium,Medium
Ward 067,28.5827,77.1922,32.19,31.84,11723,0.606,32.88,11.31,32.08,34.84,65.1,68.51,36.06,60.17,50.5,52.9,Medium,Medium,Medium
Ward 068,28.5827,77.197,31.66,31.65,10311,0.558,44.89,10.32,31.66,28.28,51.04,61.34,68.92,52.54,36.01,36.77,Medium,Medium,Medium
Ward 069,28.5827,77.2018,30.81,29.89,7407,0.444,40.8,7.51,30.53,10.62,22.11,44.33,57.73,30.89,13.36,9.59,Low,Low,Low
Ward 070,28.5827,77.2066,32.63,31.05,10700,0.534,19.7,12.01,32.16,36.09,54.91,57.76,0.0,65.56,50.55,54.04,Medium,Medium,Medium
Ward 071,28.5827,77.2114,31.02,30.53,8618,0.527,45.77,6.21,30.87,15.94,34.17,56.72,71.33,20.88,21.65,15.93,Low,Low,Low
Ward 072,28.5827,77.2162,30.41,29.5,9830,0.581,43.16,9.3,30.14,4.53,46.24,64.78,64.19,44.68,20.36,19.42,Low,Low,Low
Ward 073,28.5827,77.221,32.35,30.21,12027,0.528,39.64,4.9,31.71,29.06,68.13,56.87,54.56,10.79,41.84,34.23,Medium,Medium,Medium
Ward 074,28.5827,77.2258,32.4,30.64,8358,0.533,34.51,8.97,31.87,31.56,31.58,57.61,40.52,42.14,35.79,34.45,Medium,Medium,Medium
Ward 075,28.5827,77.2306,33.0,32.99,8971,0.523,37.05,11.02,33.0,49.22,37.69,56.12,47.47,57.94,47.93,49.86,Medium,Medium,Medium
Ward 076,28.5827,77.2354,32.87,31.37,10119,0.517,38.73,9.4,32.42,40.16,49.12,55.22,52.07,45.45,44.07,43.46,Medium,Medium,Medium
Ward 077,28.5827,77.2402,31.96,29.85,8401,0.416,39.44,12.12,31.33,23.12,32.01,40.15,54.01,66.41,23.76,27.22,Low,Low,Low
Ward 078,28.5827,77.245,31.32,29.9,9897,0.47,39.58,13.33,30.89,16.25,46.91,48.21,54.39,75.73,25.26,30.61,Low,Low,Low
Ward 079,28.5827,77.2498,32.17,30.81,9847,0.458,41.84,13.11,31.76,29.84,46.41,46.42,60.57,74.04,32.93,38.0,Medium,Low,Medium
Ward 080,28.5827,77.2546,30.59,29.5,10152,0.42,48.14,12.95,30.26,6.41,49.45,40.75,77.81,72.8,14.21,18.89,Low,Low,Low
Ward 081,28.5875,77.1634,31.6,30.73,10148,0.374,42.99,11.04,31.34,23.28,49.41,33.88,63.72,58.09,25.55,27.35,Low,Low,Low
Ward 082,28.5875,77.1682,30.6,29.5,9790,0.456,49.67,11.01,30.27,6.56,45.85,46.12,82.0,57.86,14.23,15.9,Low,Low,Low
Ward 083,28.5875,77.173,32.77,31.87,10031,0.553,35.12,14.17,32.5,41.41,48.25,60.6,42.19,82.2,47.44,54.26,Medium,Medium,Medium
Ward 084,28.5875,77.1778,33.17,31.59,9846,0.467,35.9,12.54,32.7,44.53,46.4,47.76,44.32,69.65,45.31,49.58,Medium,Medium,Medium
Ward 085,28.5875,77.1826,33.94,33.11,11032,0.498,37.3,10.56,33.69,60.0,58.22,52.39,48.15,54.39,59.57,60.87,Medium,Medium,Medium
Ward 086,28.5875,77.1874,32.15,31.57,11405,0.581,31.54,9.68,31.98,33.28,61.93,64.78,32.39,47.61,48.09,47.94,Medium,Medium,Medium
Ward 087,28.5875,77.1922,34.44,33.2,13712,0.587,25.18,11.95,34.07,65.94,84.92,65.67,14.99,65.1,78.71,82.31,High Risk,High,High
Ward 088,28.5875,77.197,31.39,30.1,13358,0.5,45.86,9.46,31.0,17.97,81.39,52.69,71.57,45.92,34.56,33.97,Medium,Medium,Medium
Ward 089,28.5875,77.2018,30.0,29.5,14647,0.493,33.66,10.24,29.85,0.0,94.23,51.64,38.19,51.93,30.15,30.74,Low,Low,Low
Ward 090,28.5875,77.2066,33.99,33.79,13535,0.634,38.67,8.28,33.93,63.75,83.15,72.69,51.9,36.83,73.7,71.57,High Risk,High,High
Ward 091,28.5875,77.2114,32.18,30.64,13071,0.589,42.27,10.95,31.72,29.22,78.53,65.97,61.75,57.4,46.21,48.02,Medium,Medium,Medium
Ward 092,28.5875,77.2162,32.07,30.02,10039,0.621,35.73,6.07,31.46,25.16,48.33,70.75,43.86,19.8,39.07,33.25,Medium,Medium,Medium
Ward 093,28.5875,77.221,33.79,33.36,12371,0.498,27.7,9.74,33.66,59.53,71.56,52.39,21.89,48.07,66.35,66.43,High Risk,High,High
Ward 094,28.5875,77.2258,32.49,31.79,10390,0.508,41.06,10.11,32.28,37.97,51.82,53.88,58.44,50.92,42.11,42.59,Medium,Medium,Medium
Ward 095,28.5875,77.2306,32.07,30.43,10765,0.495,30.71,6.09,31.58,27.03,55.56,51.94,30.12,19.95,39.06,33.27,Medium,Medium,Medium
Ward 096,28.5875,77.2354,31.7,30.61,8028,0.583,36.06,8.62,31.37,23.75,28.29,65.07,44.76,39.45,31.11,29.2,Low,Low,Low
Ward 097,28.5875,77.2402,30.32,29.66,11753,0.423,39.09,12.73,30.12,4.22,65.4,41.19,53.05,71.11,20.46,24.85,Low,Low,Low
Ward 098,28.5875,77.245,32.95,31.92,10026,0.487,30.76,8.31,32.64,43.59,48.2,50.75,30.26,37.06,47.85,45.58,Medium,Medium,Medium
Ward 099,28.5875,77.2498,30.0,29.75,9052,0.414,46.96,11.84,29.92,1.09,38.49,39.85,74.58,64.25,7.9,10.81,Low,Low,Low
Ward 100,28.5875,77.2546,31.19,30.27,8267,0.43,37.47,13.33,30.91,16.56,30.67,42.24,48.62,75.73,20.29,25.61,Low,Low,Low
Ward 101,28.5923,77.1634,30.0,29.5,11513,0.503,43.52,9.2,29.85,0.0,63.01,53.13,65.17,43.91,18.56,17.45,Low,Low,Low
Ward 102,28.5923,77.1682,30.8,29.68,8655,0.489,47.0,9.35,30.46,9.53,34.54,51.04,74.69,45.07,15.48,14.58,Low,Low,Low
Ward 103,28.5923,77.173,34.31,33.03,9879,0.514,35.95,11.18,33.93,63.75,46.73,54.78,44.46,59.17,60.14,62.41,Medium,Medium,Medium
Ward 104,28.5923,77.1778,33.55,33.31,10510,0.58,41.78,8.75,33.48,56.72,53.02,64.63,60.41,40.45,57.62,56.1,Medium,Medium,Medium
Ward 105,28.5923,77.1826,31.35,30.24,11801,0.555,41.64,10.39,31.02,18.28,65.88,60.9,60.03,53.08,34.36,35.21,Medium,Medium,Medium
Ward 106,28.5923,77.1874,32.8,32.11,13217,0.588,35.95,7.54,32.59,42.81,79.99,65.82,44.46,31.12,57.98,54.58,Medium,Medium,Medium
Ward 107,28.5923,77.1922,32.59,31.34,11910,0.576,34.68,10.6,32.22,37.03,66.97,64.03,40.98,54.7,50.6,51.9,Medium,Medium,Medium
Ward 108,28.5923,77.197,33.33,32.7,12971,0.607,33.33,11.47,33.14,51.41,77.54,68.66,37.29,61.4,64.81,67.56,High Risk,Medium,Medium
Ward 109,28.5923,77.2018,32.6,32.06,12739,0.555,43.83,7.12,32.44,40.47,75.22,60.9,66.02,27.89,50.93,46.83,Medium,Medium,Medium
Ward 110,28.5923,77.2066,31.22,30.38,12763,0.614,39.37,7.1,30.97,17.5,75.46,69.7,53.82,27.73,39.59,35.38,Medium,Medium,Medium
Ward 111,28.5923,77.2114,32.63,31.8,14138,0.567,43.34,7.64,32.38,39.53,89.16,62.69,64.68,31.9,54.69,51.43,Medium,Medium,Medium
Ward 112,28.5923,77.2162,32.94,32.05,13051,0.52,38.34,9.81,32.67,44.06,78.33,55.67,51.0,48.61,54.78,54.88,Medium,Medium,Medium
Ward 113,28.5923,77.221,33.21,32.04,13466,0.555,47.29,5.51,32.86,47.03,82.47,60.9,75.49,15.49,56.0,49.44,Medium,Medium,Medium
Ward 114,28.5923,77.2258,30.0,29.5,12859,0.372,36.45,6.45,29.85,0.0,76.42,33.58,45.83,22.73,19.51,14.14,Low,Low,Low
Ward 115,28.5923,77.2306,33.32,32.89,10629,0.579,29.99,8.47,33.19,52.19,54.2,64.48,28.15,38.29,59.18,57.24,Medium,Medium,Medium
Ward 116,28.5923,77.2354,33.5,33.0,9825,0.627,44.41,8.86,33.35,54.69,46.19,71.64,67.61,41.29,55.34,53.97,Medium,Medium,Medium
Ward 117,28.5923,77.2402,31.51,30.64,8113,0.539,37.84,7.48,31.25,21.87,29.14,58.51,49.63,30.66,27.67,23.96,Low,Low,Low
Ward 118,28.5923,77.245,31.57,30.95,8842,0.577,48.01,16.48,31.38,23.91,36.4,64.18,77.46,100.0,28.77,39.04,Medium,Low,Low
Ward 119,28.5923,77.2498,31.53,30.34,7582,0.504,41.47,16.08,31.17,20.63,23.85,53.28,59.56,96.92,22.68,32.28,Low,Low,Low
Ward 120,28.5923,77.2546,31.26,29.5,8623,0.432,38.88,12.53,30.73,13.75,34.22,42.54,52.48,69.57,18.92,22.98,Low,Low,Low
Ward 121,28.5971,77.1634,31.42,30.92,10187,0.413,38.76,14.07,31.27,22.19,49.8,39.7,52.15,81.43,28.04,34.56,Medium,Low,Low
Ward 122,28.5971,77.1682,32.09,31.37,7218,0.485,40.33,11.96,31.87,31.56,20.22,50.45,56.44,65.18,28.7,31.95,Low,Low,Low
Ward 123,28.5971,77.173,32.19,30.81,9913,0.721,40.61,9.64,31.78,30.16,47.07,85.67,57.21,47.3,44.29,44.05,Medium,Medium,Medium
Ward 124,28.5971,77.1778,30.92,29.5,11538,0.598,36.35,10.06,30.49,10.0,63.26,67.31,45.55,50.54,31.76,32.08,Low,Low,Low
Ward 125,28.5971,77.1826,33.48,33.69,11205,0.573,36.75,11.61,33.54,57.66,59.94,63.58,46.65,62.48,61.66,64.61,Medium,Medium,Medium
Ward 126,28.5971,77.1874,32.64,32.21,11847,0.651,39.03,11.43,32.51,41.56,66.34,75.22,52.89,61.09,54.87,57.49,Medium,Medium,Medium
Ward 127,28.5971,77.1922,31.51,30.61,11154,0.636,38.81,12.03,31.24,21.72,59.43,72.99,52.28,65.72,39.21,42.65,Medium,Medium,Medium
Ward 128,28.5971,77.197,34.59,34.01,14154,0.745,34.12,6.52,34.42,71.41,89.32,89.25,39.45,23.27,86.6,81.83,High Risk,High,High
Ward 129,28.5971,77.2018,31.74,30.93,13854,0.571,49.35,9.37,31.5,25.78,86.33,63.28,81.12,45.22,42.67,42.0,Medium,Medium,Medium
Ward 130,28.5971,77.2066,34.62,33.42,13244,0.642,31.0,6.99,34.26,68.91,80.26,73.88,30.92,26.89,79.52,75.43,High Risk,High,High
Ward 131,28.5971,77.2114,32.49,31.76,12046,0.703,34.96,9.69,32.27,37.81,68.32,82.99,41.75,47.69,56.47,56.4,Medium,Medium,Medium
Ward 132,28.5971,77.2162,32.9,32.41,11042,0.612,36.52,7.87,32.75,45.31,58.32,69.4,46.02,33.67,54.6,51.69,Medium,Medium,Medium
Ward 133,28.5971,77.221,34.1,34.21,14069,0.625,35.51,9.87,34.13,66.88,88.47,71.34,43.26,49.08,78.02,78.39,High Risk,High,High
Ward 134,28.5971,77.2258,30.72,29.96,12197,0.64,47.61,11.39,30.49,10.0,69.82,73.58,76.36,60.79,31.07,33.45,Medium,Low,Low
Ward 135,28.5971,77.2306,32.07,31.36,13075,0.762,44.45,8.24,31.86,31.41,78.57,91.79,67.72,36.52,53.8,51.46,Medium,Medium,Medium
Ward 136,28.5971,77.2354,31.94,31.22,10086,0.477,36.47,7.6,31.72,29.22,48.79,49.25,45.88,31.59,35.88,32.42,Low,Medium,Medium
Ward 137,28.5971,77.2402,31.41,29.96,12938,0.52,32.19,9.73,30.98,17.66,77.21,55.67,34.17,48.0,39.04,38.91,Medium,Medium,Medium
Ward 138,28.5971,77.245,30.29,29.52,8970,0.423,38.07,9.03,30.06,3.28,37.68,41.19,50.26,42.6,12.77,11.36,Low,Low,Low
Ward 139,28.5971,77.2498,31.17,30.88,8491,0.375,40.15,10.09,31.08,19.22,32.9,34.03,55.95,50.77,19.49,19.77,Low,Low,Low
Ward 140,28.5971,77.2546,31.42,30.96,9521,0.425,32.24,11.96,31.28,22.34,43.17,41.49,34.31,65.18,29.23,32.49,Low,Low,Low
Ward 141,28.6019,77.1634,32.44,32.85,8965,0.551,49.29,14.31,32.56,42.34,37.63,60.3,80.96,83.28,39.94,46.92,Medium,Medium,Medium
Ward 142,28.6019,77.1682,33.44,32.66,9237,0.556,35.79,10.86,33.21,52.5,40.34,61.04,44.02,56.7,52.62,54.34,Medium,Medium,Medium
Ward 143,28.6019,77.173,31.69,30.8,9548,0.513,32.95,10.7,31.42,24.53,43.43,54.63,36.25,55.47,34.03,35.36,Medium,Medium,Medium
Ward 144,28.6019,77.1778,31.54,30.87,9602,0.493,46.84,12.72,31.34,23.28,43.97,51.64,74.25,71.03,27.45,31.87,Low,Low,Low
Ward 145,28.6019,77.1826,32.57,31.33,12685,0.574,28.56,9.53,32.2,36.72,74.69,63.73,24.24,46.46,54.63,54.3,Medium,Medium,Medium
Ward 146,28.6019,77.1874,31.34,30.3,12684,0.536,40.51,10.8,31.03,18.44,74.68,58.06,56.94,56.24,36.47,37.98,Medium,Medium,Medium
Ward 147,28.6019,77.1922,32.94,32.31,11487,0.574,41.42,7.14,32.75,45.31,62.75,63.73,59.43,28.04,52.47,48.41,Medium,Medium,Medium
Ward 148,28.6019,77.197,33.33,32.14,12782,0.578,35.43,8.19,32.97,48.75,75.65,64.33,43.04,36.13,60.59,58.22,Medium,Medium,Medium
Ward 149,28.6019,77.2018,34.82,34.06,14259,0.53,25.22,7.37,34.59,74.06,90.37,57.16,15.1,29.82,83.32,79.85,High Risk,High,High
Ward 150,28.6019,77.2066,33.16,32.13,12298,0.584,32.51,4.7,32.85,46.88,70.83,65.22,35.05,9.24,59.35,51.56,Medium,Medium,Medium
Ward 151,28.6019,77.2114,33.32,33.57,13812,0.755,37.72,7.68,33.39,55.31,85.91,90.75,49.3,32.2,73.98,70.92,High Risk,High,High
Ward 152,28.6019,77.2162,33.46,32.89,12461,0.71,38.31,8.73,33.29,53.75,72.45,84.03,50.92,40.29,67.31,65.83,Medium,High,High
Ward 153,28.6019,77.221,33.35,31.2,13054,0.631,33.8,10.43,32.7,44.53,78.36,72.24,38.58,53.39,61.21,62.32,Medium,Medium,Medium
Ward 154,28.6019,77.2258,31.55,30.09,13121,0.588,37.25,8.98,31.11,19.69,79.03,65.82,48.02,42.22,41.75,40.47,Medium,Medium,Medium
Ward 155,28.6019,77.2306,32.71,31.99,13132,0.526,40.72,10.93,32.49,41.25,79.14,56.57,57.51,57.24,52.48,54.31,Medium,Medium,Medium
Ward 156,28.6019,77.2354,30.4,30.19,11120,0.512,41.87,5.14,30.34,7.66,59.1,54.48,60.66,12.63,23.62,16.25,Low,Low,Low
Ward 157,28.6019,77.2402,32.65,31.88,11898,0.587,36.83,11.14,32.42,40.16,66.85,65.67,46.87,58.86,52.32,54.47,Medium,Medium,Medium
Ward 158,28.6019,77.245,33.03,32.38,12648,0.461,35.97,9.72,32.84,46.72,74.32,46.87,44.51,47.92,54.0,53.96,Medium,Medium,Medium
Ward 159,28.6019,77.2498,32.07,30.7,9833,0.601,41.5,11.42,31.66,28.28,46.27,67.76,59.64,61.02,37.69,40.17,Medium,Medium,Medium
Ward 160,28.6019,77.2546,30.0,29.5,12559,0.331,42.94,11.76,29.85,0.0,73.43,27.46,63.58,63.64,14.69,17.53,Low,Low,Low
Ward 161,28.6067,77.1634,30.0,29.5,9383,0.276,34.25,11.66,29.85,0.0,41.79,19.25,39.81,62.87,7.19,9.82,Low,Low,Low
Ward 162,28.6067,77.1682,31.53,31.34,10325,0.498,38.14,8.23,31.47,25.31,51.18,52.39,50.45,36.44,34.13,31.63,Low,Medium,Medium
Ward 163,28.6067,77.173,32.19,31.17,10982,0.552,43.22,11.5,31.88,31.72,57.72,60.45,64.35,61.63,40.47,43.09,Medium,Medium,Medium
Ward 164,28.6067,77.1778,32.22,32.02,7945,0.509,44.46,9.76,32.16,36.09,27.47,54.03,67.74,48.23,33.12,32.99,Low,Medium,Medium
Ward 165,28.6067,77.1826,32.09,30.64,10590,0.637,37.57,5.43,31.66,28.28,53.82,73.13,48.89,14.87,42.6,35.82,Medium,Medium,Medium
Ward 166,28.6067,77.1874,31.97,30.96,10428,0.516,38.99,10.56,31.67,28.44,52.2,55.07,52.78,54.39,36.91,38.05,Medium,Medium,Medium
Ward 167,28.6067,77.1922,35.49,35.24,13041,0.643,36.34,9.9,35.42,87.03,78.23,74.03,45.53,49.31,89.2,89.7,High Risk,High,High
Ward 168,28.6067,77.197,32.81,31.69,11109,0.689,33.16,6.95,32.47,40.94,58.99,80.9,36.83,26.58,56.16,51.84,Medium,Medium,Medium
Ward 169,28.6067,77.2018,33.58,32.63,13162,0.606,32.86,8.51,33.29,53.75,79.44,68.51,36.01,38.6,67.02,65.2,Medium,High,High
Ward 170,28.6067,77.2066,33.31,31.88,13893,0.632,37.76,6.16,32.88,47.34,86.72,72.39,49.41,20.49,63.92,58.42,Medium,Medium,Medium
Ward 171,28.6067,77.2114,35.18,34.85,12760,0.635,31.46,7.82,35.08,81.72,75.43,72.84,32.18,33.28,86.36,83.61,High Risk,High,High
Ward 172,28.6067,77.2162,33.26,32.05,14033,0.641,41.53,8.58,32.9,47.66,88.12,73.73,59.73,39.14,63.48,61.74,Medium,Medium,Medium
Ward 173,28.6067,77.221,31.38,30.89,14284,0.489,27.07,6.01,31.23,21.56,90.62,51.04,20.16,19.34,45.89,40.03,Medium,Medium,Medium
Ward 174,28.6067,77.2258,32.71,31.54,10216,0.579,30.21,6.02,32.36,39.22,50.09,64.48,28.76,19.41,49.31,43.49,Medium,Medium,Medium
Ward 175,28.6067,77.2306,35.02,34.21,13703,0.731,33.07,7.82,34.78,77.03,84.83,87.16,36.58,33.28,88.99,86.25,High Risk,High,High
Ward 176,28.6067,77.2354,32.86,33.15,11247,0.616,49.87,8.65,32.95,48.44,60.36,70.0,82.54,39.68,52.51,50.8,Medium,Medium,Medium
Ward 177,28.6067,77.2402,34.17,32.31,13103,0.588,37.11,9.79,33.61,58.75,78.85,65.82,47.63,48.46,67.93,68.1,High Risk,High,Medium
Ward 178,28.6067,77.245,33.04,32.06,10208,0.556,30.56,7.72,32.75,45.31,50.01,61.04,29.71,32.51,52.32,49.16,Medium,Medium,Medium
Ward 179,28.6067,77.2498,30.0,29.5,10875,0.403,45.63,9.15,29.85,0.0,56.65,38.21,70.94,43.53,12.09,10.86,Low,Low,Low
Ward 180,28.6067,77.2546,32.67,30.94,12028,0.543,41.03,11.02,32.15,35.94,68.14,59.1,58.36,57.94,46.54,48.46,Medium,Medium,Medium
Ward 181,28.6115,77.1634,30.94,29.65,12145,0.598,41.25,12.69,30.55,10.94,69.31,67.31,58.96,70.8,32.22,36.63,Medium,Low,Low
Ward 182,28.6115,77.1682,32.26,30.24,9614,0.533,40.22,10.28,31.65,28.12,44.09,57.61,56.14,52.23,34.75,35.44,Medium,Medium,Medium
Ward 183,28.6115,77.173,32.78,31.24,10593,0.563,40.18,8.7,32.32,38.59,53.85,62.09,56.03,40.06,45.6,43.91,Medium,Medium,Medium
Ward 184,28.6115,77.1778,30.34,30.23,8450,0.481,44.55,7.91,30.31,7.19,32.5,49.85,67.99,33.98,13.95,10.81,Low,Low,Low
Ward 185,28.6115,77.1826,34.22,32.69,10856,0.639,26.1,12.5,33.76,61.09,56.47,73.43,17.51,69.34,69.58,73.97,High Risk,High,High
Ward 186,28.6115,77.1874,32.42,30.68,11600,0.585,32.61,4.49,31.9,32.03,63.88,65.37,35.32,7.63,47.54,39.33,Medium,Medium,Medium
Ward 187,28.6115,77.1922,31.63,31.01,11892,0.567,42.76,8.2,31.44,24.84,66.79,62.69,63.09,36.21,39.07,36.56,Medium,Medium,Medium
Ward 188,28.6115,77.197,34.98,35.08,11537,0.693,36.34,3.58,35.01,80.62,63.25,81.49,45.53,0.62,82.89,73.53,High Risk,High,High
Ward 189,28.6115,77.2018,30.0,29.5,11371,0.49,34.65,8.33,29.85,0.0,61.6,51.19,40.9,37.21,20.92,18.48,Low,Low,Low
Ward 190,28.6115,77.2066,33.76,32.43,12280,0.634,45.45,6.07,33.36,54.84,70.65,72.69,70.45,19.8,61.9,56.25,Medium,Medium,High
Ward 191,28.6115,77.2114,34.09,33.07,14239,0.749,41.71,4.41,33.78,61.41,90.17,89.85,60.22,7.01,77.5,69.39,High Risk,High,High
Ward 192,28.6115,77.2162,35.15,35.03,15063,0.65,21.4,9.51,35.11,82.19,98.38,75.07,4.65,46.3,97.11,97.06,High Risk,High,High
Ward 193,28.6115,77.221,32.41,32.3,13007,0.65,48.7,5.48,32.38,39.53,77.89,75.07,79.34,15.25,53.02,46.39,Medium,Medium,Medium
Ward 194,28.6115,77.2258,33.44,32.09,14092,0.661,39.21,4.15,33.03,49.69,88.7,76.72,53.38,5.01,66.65,58.06,Medium,High,High
Ward 195,28.6115,77.2306,34.79,33.95,13035,0.651,25.45,8.46,34.54,73.28,78.17,75.22,15.73,38.21,84.28,82.5,High Risk,High,High
Ward 196,28.6115,77.2354,31.76,29.5,12331,0.513,45.14,10.12,31.08,19.22,71.16,54.63,69.6,51.0,33.44,33.87,Medium,Medium,Medium
Ward 197,28.6115,77.2402,31.51,30.39,12425,0.524,38.32,9.26,31.17,20.63,72.1,56.27,50.94,44.38,37.57,36.7,Medium,Medium,Medium
Ward 198,28.6115,77.245,34.08,33.82,11253,0.613,45.76,13.39,34.0,64.84,60.42,69.55,71.3,76.19,64.9,70.63,High Risk,Medium,Medium
Ward 199,28.6115,77.2498,32.98,31.94,10739,0.55,33.89,9.92,32.67,44.06,55.3,60.15,38.82,49.46,51.44,51.69,Medium,Medium,Medium
Ward 200,28.6115,77.2546,30.89,30.11,9482,0.529,41.92,12.82,30.66,12.66,42.78,57.01,60.79,71.8,23.25,27.8,Low,Low,Low
Ward 201,28.6163,77.1634,31.49,31.22,10149,0.438,36.58,12.86,31.41,24.37,49.42,43.43,46.18,72.11,31.2,35.87,Medium,Low,Low
Ward 202,28.6163,77.1682,30.61,29.5,9105,0.443,47.01,11.47,30.28,6.72,39.02,44.18,74.72,61.4,12.96,15.34,Low,Low,Low
Ward 203,28.6163,77.173,31.15,30.19,12970,0.419,41.97,9.36,30.86,15.78,77.53,40.6,60.93,45.15,30.24,29.47,Low,Low,Low
Ward 204,28.6163,77.1778,30.99,30.57,10081,0.461,43.52,8.93,30.86,15.78,48.74,46.87,65.17,41.83,23.64,22.15,Low,Low,Low
Ward 205,28.6163,77.1826,33.53,32.27,13108,0.621,27.16,5.27,33.15,51.56,78.9,70.75,20.41,13.64,68.1,61.26,Medium,High,High
Ward 206,28.6163,77.1874,32.75,31.57,13685,0.692,40.73,7.47,32.4,39.84,84.65,81.34,57.54,30.59,59.65,56.16,Medium,Medium,Medium
Ward 207,28.6163,77.1922,34.72,33.21,12226,0.699,30.88,8.7,34.27,69.06,70.11,82.39,30.59,40.06,79.22,77.78,High Risk,High,High
Ward 208,28.6163,77.197,33.16,33.01,11051,0.684,31.11,5.88,33.11,50.94,58.41,80.15,31.22,18.34,63.26,57.33,Medium,Medium,Medium
Ward 209,28.6163,77.2018,33.68,32.36,12723,0.658,27.6,7.05,33.28,53.59,75.06,76.27,21.61,27.35,69.75,65.68,Medium,High,High
Ward 210,28.6163,77.2066,34.57,33.79,15022,0.698,38.2,4.58,34.34,70.16,97.97,82.24,50.62,8.32,84.7,76.9,High Risk,High,High
Ward 211,28.6163,77.2114,33.65,33.64,12780,0.617,31.38,3.5,33.65,59.37,75.63,70.15,31.96,0.0,70.75,61.18,Medium,High,High
Ward 212,28.6163,77.2162,32.52,31.47,11142,0.668,41.32,5.98,32.2,36.72,59.31,77.76,59.15,19.11,49.59,43.71,Medium,Medium,Medium
Ward 213,28.6163,77.221,33.27,32.76,12538,0.592,39.94,7.02,33.12,51.09,73.22,66.42,55.38,27.12,60.41,56.23,Medium,Medium,Medium
Ward 214,28.6163,77.2258,32.6,31.52,12984,0.598,35.98,6.68,32.28,37.97,77.66,67.31,44.54,24.5,54.5,49.74,Medium,Medium,Medium
Ward 215,28.6163,77.2306,34.08,33.7,13530,0.761,32.09,6.43,33.97,64.37,83.1,91.64,33.9,22.57,81.6,76.65,High Risk,High,High
Ward 216,28.6163,77.2354,34.31,33.25,10980,0.67,39.8,9.6,33.99,64.69,57.7,78.06,54.99,47.0,68.54,68.42,High Risk,High,High
Ward 217,28.6163,77.2402,31.8,30.92,10583,0.495,41.62,12.44,31.54,26.41,53.75,51.94,59.97,68.88,34.16,38.2,Medium,Medium,Medium
Ward 218,28.6163,77.245,31.62,30.86,11896,0.473,46.38,12.82,31.39,24.06,66.83,48.66,73.0,71.8,33.46,38.08,Medium,Medium,Medium
Ward 219,28.6163,77.2498,31.51,31.08,10667,0.469,41.11,11.77,31.38,23.91,54.58,48.06,58.58,63.71,31.85,34.83,Medium,Low,Low
Ward 220,28.6163,77.2546,31.22,30.52,11823,0.516,39.45,12.05,31.01,18.13,66.1,55.07,54.04,65.87,33.55,36.98,Medium,Medium,Medium
Ward 221,28.6211,77.1634,31.86,30.97,9789,0.511,27.98,8.68,31.59,27.19,45.84,54.33,22.65,39.91,38.2,36.43,Medium,Medium,Medium
Ward 222,28.6211,77.1682,31.26,31.42,11695,0.423,39.28,10.83,31.31,22.81,64.82,41.19,53.57,56.47,32.69,34.22,Medium,Low,Low
Ward 223,28.6211,77.173,32.07,31.0,10688,0.545,45.65,11.4,31.75,29.69,54.79,59.4,71.0,60.86,37.16,39.6,Medium,Medium,Medium
Ward 224,28.6211,77.1778,35.71,34.58,11777,0.748,42.61,9.66,35.37,86.25,65.64,89.7,62.68,47.46,87.2,87.31,High Risk,High,High
Ward 225,28.6211,77.1826,33.54,32.96,12359,0.566,31.49,6.67,33.37,55.0,71.44,62.54,32.26,24.42,64.61,59.91,Medium,Medium,Medium
Ward 226,28.6211,77.1874,31.56,30.73,13549,0.48,33.82,9.49,31.31,22.81,83.29,49.7,38.63,46.15,41.92,41.43,Medium,Medium,Medium
Ward 227,28.6211,77.1922,32.0,31.57,12637,0.662,42.32,7.64,31.87,31.56,74.21,76.87,61.89,31.9,49.52,46.22,Medium,Medium,Medium
Ward 228,28.6211,77.197,34.33,32.52,15226,0.799,36.55,7.49,33.79,61.56,100.0,97.31,46.1,30.74,84.13,80.85,High Risk,High,High
Ward 229,28.6211,77.2018,32.21,31.42,13796,0.619,38.86,6.59,31.97,33.12,85.75,70.45,52.42,23.81,53.21,48.31,Medium,Medium,Medium
Ward 230,28.6211,77.2066,33.58,32.83,12432,0.655,34.46,4.15,33.35,54.69,72.17,75.82,40.38,5.01,67.07,58.48,Medium,High,High
Ward 231,28.6211,77.2114,33.21,32.31,11286,0.596,32.27,5.16,32.94,48.28,60.75,67.01,34.39,12.79,58.16,51.07,Medium,Medium,Medium
Ward 232,28.6211,77.2162,32.75,31.77,12239,0.669,43.49,4.69,32.46,40.78,70.24,77.91,65.09,9.17,54.48,46.64,Medium,Medium,Medium
Ward 233,28.6211,77.221,35.07,34.91,11162,0.702,32.34,9.58,35.02,80.78,59.51,82.84,34.58,46.84,83.82,83.78,High Risk,High,High
Ward 234,28.6211,77.2258,33.77,32.4,14285,0.623,40.18,4.46,33.36,54.84,90.63,71.04,56.03,7.4,68.74,60.64,Medium,High,High
Ward 235,28.6211,77.2306,35.08,34.25,10405,0.685,28.16,7.08,34.83,77.81,51.97,80.3,23.15,27.58,80.66,76.72,High Risk,High,High
Ward 236,28.6211,77.2354,33.03,32.14,12884,0.552,31.3,12.55,32.76,45.47,76.67,60.45,31.74,69.72,59.14,63.53,Medium,Medium,Medium
Ward 237,28.6211,77.2402,32.2,31.77,10942,0.564,45.46,8.97,32.07,34.69,57.32,62.24,70.48,42.14,42.02,40.73,Medium,Medium,Medium
Ward 238,28.6211,77.245,33.35,32.82,11194,0.53,37.63,9.65,33.19,52.19,59.83,57.16,49.06,47.38,55.93,55.79,Medium,Medium,Medium
Ward 239,28.6211,77.2498,32.77,32.15,11711,0.518,34.7,10.88,32.58,42.66,64.98,55.37,41.04,56.86,51.51,53.25,Medium,Medium,Medium
Ward 240,28.6211,77.2546,31.44,29.87,11062,0.571,38.74,14.27,30.97,17.5,58.52,63.28,52.09,82.97,33.56,40.43,Medium,Medium,Medium
Ward 241,28.6259,77.1634,32.36,30.94,11261,0.661,42.44,12.21,31.93,32.5,60.5,76.72,62.22,67.1,46.39,50.16,Medium,Medium,Medium
Ward 242,28.6259,77.1682,31.49,30.99,9166,0.479,35.82,10.35,31.34,23.28,39.63,49.55,44.1,52.77,29.76,30.52,Low,Low,Low
Ward 243,28.6259,77.173,31.73,31.56,9183,0.501,31.74,12.2,31.68,28.59,39.8,52.84,32.94,67.03,35.74,39.42,Medium,Medium,Medium
Ward 244,28.6259,77.1778,31.92,31.06,12802,0.608,46.41,12.28,31.66,28.28,75.85,68.81,73.08,67.64,44.1,47.96,Medium,Medium,Medium
Ward 245,28.6259,77.1826,32.37,30.66,12870,0.544,40.2,10.28,31.86,31.41,76.53,59.25,56.09,52.23,46.09,46.86,Medium,Medium,Medium
Ward 246,28.6259,77.1874,34.48,33.28,10348,0.579,35.89,7.88,34.12,66.72,51.4,64.48,44.3,33.74,66.0,63.19,Medium,Medium,Medium
Ward 247,28.6259,77.1922,31.97,30.84,11506,0.571,41.83,8.82,31.63,27.81,62.94,63.28,60.55,40.99,40.52,38.98,Medium,Medium,Medium
Ward 248,28.6259,77.197,35.12,33.63,14293,0.62,36.58,6.72,34.67,75.31,90.71,70.6,46.18,24.81,83.68,79.2,High Risk,High,High
Ward 249,28.6259,77.2018,33.45,32.21,14820,0.504,29.0,5.59,33.08,50.47,95.96,53.28,25.44,16.1,66.58,60.22,Medium,High,High
Ward 250,28.6259,77.2066,31.7,30.73,14503,0.625,39.81,6.46,31.41,24.37,92.8,71.34,55.02,22.8,49.12,43.98,Medium,Medium,Medium
Ward 251,28.6259,77.2114,34.35,33.29,14328,0.817,44.26,8.76,34.03,65.31,91.05,100.0,67.2,40.52,82.14,80.81,High Risk,High,High
Ward 252,28.6259,77.2162,34.78,33.79,13064,0.766,32.07,6.13,34.48,72.34,78.46,92.39,33.84,20.26,85.9,80.52,High Risk,High,High
Ward 253,28.6259,77.221,34.59,33.62,10748,0.615,26.93,9.58,34.3,69.53,55.39,69.85,19.78,46.84,73.68,73.56,High Risk,High,High
Ward 254,28.6259,77.2258,33.95,33.28,11386,0.568,30.3,11.06,33.75,60.94,61.75,62.84,29.0,58.24,66.51,68.64,High Risk,High,High
Ward 255,28.6259,77.2306,31.79,31.22,9959,0.571,31.53,8.26,31.62,27.66,47.53,63.28,32.37,36.67,40.07,37.66,Medium,Medium,Medium
Ward 256,28.6259,77.2354,32.56,31.99,10018,0.422,28.07,10.0,32.39,39.69,48.12,41.04,22.9,50.08,43.6,43.92,Medium,Medium,Medium
Ward 257,28.6259,77.2402,34.38,33.18,10700,0.671,39.43,8.87,34.02,65.16,54.91,78.21,53.98,41.37,68.28,67.02,High Risk,High,High
Ward 258,28.6259,77.245,30.91,30.0,8304,0.477,52.82,10.73,30.64,12.34,31.04,49.25,90.62,55.7,13.81,15.04,Low,Low,Low
Ward 259,28.6259,77.2498,34.23,33.51,11637,0.606,34.85,14.46,34.01,65.0,64.25,68.51,41.45,84.44,69.76,77.19,High Risk,High,High
Ward 260,28.6259,77.2546,31.7,30.26,8069,0.413,47.84,13.86,31.27,22.19,28.7,39.7,76.99,79.82,19.05,25.18,Low,Low,Low
Ward 261,28.6307,77.1634,32.21,31.3,10214,0.516,39.65,11.83,31.94,32.66,50.07,55.07,54.58,64.18,38.92,42.04,Medium,Medium,Medium
Ward 262,28.6307,77.1682,30.41,30.44,9470,0.457,44.33,12.44,30.42,8.91,42.66,46.27,67.39,68.88,16.94,20.85,Low,Low,Low
Ward 263,28.6307,77.173,34.67,34.47,12770,0.714,26.62,10.03,34.61,74.37,75.53,84.63,18.93,50.31,86.4,87.08,High Risk,High,High
Ward 264,28.6307,77.1778,32.05,31.1,9460,0.463,38.92,9.51,31.76,29.84,42.56,47.16,52.59,46.3,33.17,32.65,Low,Medium,Medium
Ward 265,28.6307,77.1826,33.09,31.99,10449,0.48,29.3,9.94,32.76,45.47,52.41,49.7,26.27,49.61,50.49,50.76,Medium,Medium,Medium
Ward 266,28.6307,77.1874,31.58,31.77,12316,0.632,49.22,7.55,31.64,27.97,71.01,72.39,80.77,31.2,42.52,39.03,Medium,Medium,Medium
Ward 267,28.6307,77.1922,34.21,32.7,12898,0.643,25.21,9.49,33.76,61.09,76.81,74.03,15.08,46.15,75.52,75.28,High Risk,High,High
Ward 268,28.6307,77.197,33.73,32.73,10642,0.618,38.92,9.61,33.43,55.94,54.33,70.3,52.59,47.07,60.01,59.84,Medium,Medium,Medium
Ward 269,28.6307,77.2018,32.43,31.6,11993,0.535,40.36,6.9,32.18,36.41,67.79,57.91,56.53,26.19,46.68,42.21,Medium,Medium,Medium
Ward 270,28.6307,77.2066,32.68,32.36,13216,0.666,40.91,3.5,32.58,42.66,79.98,77.46,58.03,0.0,59.18,49.52,Medium,Medium,Medium
Ward 271,28.6307,77.2114,36.3,36.14,12828,0.62,26.53,9.53,36.25,100.0,76.11,70.6,18.69,46.46,100.0,100.0,High Risk,High,High
Ward 272,28.6307,77.2162,31.97,30.83,14762,0.51,40.98,9.97,31.63,27.81,95.38,54.18,58.22,49.85,47.09,47.39,Medium,Medium,Medium
Ward 273,28.6307,77.221,32.74,31.77,13173,0.478,43.55,7.66,32.45,40.63,79.55,49.4,65.25,32.05,49.21,45.94,Medium,Medium,Medium
Ward 274,28.6307,77.2258,31.74,31.45,11484,0.511,43.68,7.15,31.65,28.12,62.72,54.33,65.61,28.12,37.59,33.44,Medium,Medium,Medium
Ward 275,28.6307,77.2306,31.69,31.61,14938,0.574,45.75,10.11,31.67,28.44,97.13,63.73,71.27,50.92,48.79,49.32,Medium,Medium,Medium
Ward 276,28.6307,77.2354,32.07,31.34,9872,0.522,36.99,10.1,31.85,31.25,46.66,55.97,47.31,50.85,38.28,38.71,Medium,Medium,Medium
Ward 277,28.6307,77.2402,31.29,29.5,8887,0.477,42.36,9.45,30.75,14.06,36.85,49.25,62.0,45.84,20.36,19.65,Low,Low,Low
Ward 278,28.6307,77.245,32.11,30.73,10314,0.535,39.78,12.99,31.7,28.91,51.07,57.91,54.94,73.11,37.39,42.3,Medium,Medium,Medium
Ward 279,28.6307,77.2498,31.67,30.42,7216,0.397,36.53,12.54,31.3,22.66,20.2,37.31,46.05,69.65,20.6,24.69,Low,Low,Low
Ward 280,28.6307,77.2546,32.93,31.98,7122,0.378,32.16,10.65,32.64,43.59,19.27,34.48,34.09,55.08,35.22,36.48,Medium,Medium,Medium
Ward 281,28.6355,77.1634,30.55,29.5,7931,0.48,39.03,12.14,30.24,6.09,27.33,49.7,52.89,66.56,13.81,17.23,Low,Low,Low
Ward 282,28.6355,77.1682,32.52,31.77,9922,0.463,42.14,10.89,32.3,38.28,47.16,47.16,61.4,56.93,38.87,40.53,Medium,Medium,Medium
Ward 283,28.6355,77.173,30.15,29.5,9944,0.495,36.04,11.03,29.96,1.72,47.38,51.94,44.71,58.01,17.95,19.68,Low,Low,Low
Ward 284,28.6355,77.1778,32.58,31.26,10170,0.625,37.47,9.41,32.18,36.41,49.63,71.34,48.62,45.53,46.48,45.9,Medium,Medium,Medium
Ward 285,28.6355,77.1826,31.86,30.65,10510,0.538,44.46,7.02,31.5,25.78,53.02,58.36,67.74,27.12,34.22,29.84,Low,Medium,Medium
Ward 286,28.6355,77.1874,33.51,32.35,11807,0.532,39.74,10.97,33.16,51.72,65.94,57.46,54.83,57.55,56.56,58.48,Medium,Medium,Medium
Ward 287,28.6355,77.1922,32.11,32.04,11878,0.515,39.4,8.25,32.09,35.0,66.65,54.93,53.9,36.59,44.99,42.6,Medium,Medium,Medium
Ward 288,28.6355,77.197,35.53,34.91,11463,0.733,30.72,7.98,35.34,85.78,62.51,87.46,30.15,34.51,89.81,87.33,High Risk,High,High
Ward 289,28.6355,77.2018,32.99,32.12,14043,0.595,34.16,8.97,32.73,45.0,88.21,66.87,39.56,42.14,62.59,61.45,Medium,Medium,Medium
Ward 290,28.6355,77.2066,33.17,31.96,12626,0.557,30.11,9.64,32.81,46.25,74.1,61.19,28.48,47.3,59.61,59.48,Medium,Medium,Medium
Ward 291,28.6355,77.2114,34.75,33.78,12681,0.778,34.83,7.1,34.46,72.03,74.65,94.18,41.4,27.73,84.14,80.25,High Risk,High,High
Ward 292,28.6355,77.2162,32.91,32.3,13461,0.639,30.16,8.05,32.73,45.0,82.42,73.43,28.62,35.05,64.26,61.7,Medium,Medium,Medium
Ward 293,28.6355,77.221,33.27,31.94,10738,0.544,31.92,9.68,32.87,47.19,55.29,59.25,33.43,47.61,54.01,53.91,Medium,Medium,Medium
Ward 294,28.6355,77.2258,34.15,32.16,12616,0.619,38.58,11.59,33.55,57.81,74.0,70.45,51.66,62.33,66.7,69.65,High Risk,High,High
Ward 295,28.6355,77.2306,32.66,31.21,13767,0.592,50.66,11.82,32.22,37.03,85.47,66.42,84.71,64.1,50.34,53.53,Medium,Medium,Medium
Ward 296,28.6355,77.2354,33.83,33.04,12850,0.464,36.49,10.04,33.59,58.44,76.33,47.31,45.94,50.39,62.31,62.83,Medium,Medium,Medium
Ward 297,28.6355,77.2402,30.0,29.5,11885,0.367,54.4,12.22,29.85,0.0,66.72,32.84,94.94,67.18,10.13,13.65,Low,Low,Low
Ward 298,28.6355,77.245,32.6,31.73,12527,0.506,33.27,10.73,32.34,38.91,73.11,53.58,37.13,55.7,51.22,52.73,Medium,Medium,Medium
Ward 299,28.6355,77.2498,33.56,33.04,9584,0.608,31.49,13.15,33.4,55.47,43.79,68.81,32.26,74.35,59.2,64.52,Medium,Medium,Medium
Ward 300,28.6355,77.2546,30.0,29.5,9217,0.343,45.12,12.79,29.85,0.0,40.14,29.25,69.55,71.57,5.45,9.82,Low,Low,Low
Ward 301,28.6403,77.1634,32.77,32.21,9120,0.36,35.21,13.3,32.6,42.97,39.17,31.79,42.44,75.5,38.3,43.7,Medium,Medium,Medium
Ward 302,28.6403,77.1682,30.28,29.5,6831,0.511,40.57,9.66,30.05,3.12,16.37,54.33,57.1,47.46,9.56,9.1,Low,Low,Low
Ward 303,28.6403,77.173,31.54,31.33,9599,0.537,48.22,10.54,31.48,25.47,43.94,58.21,78.03,54.24,30.16,31.22,Low,Low,Low
Ward 304,28.6403,77.1778,32.37,31.97,9407,0.483,41.0,15.03,32.25,37.5,42.03,50.15,58.28,88.83,38.2,46.29,Medium,Medium,Medium
Ward 305,28.6403,77.1826,30.24,29.5,10740,0.478,43.17,9.1,30.02,2.66,55.31,49.4,64.21,43.14,17.41,16.14,Low,Low,Low
Ward 306,28.6403,77.1874,34.53,33.99,9753,0.661,35.98,10.62,34.37,70.62,45.48,76.72,44.54,54.85,70.28,71.75,High Risk,High,High
Ward 307,28.6403,77.1922,31.12,30.58,10120,0.513,40.97,9.25,30.96,17.34,49.13,54.63,58.19,44.3,27.8,26.84,Low,Low,Low
Ward 308,28.6403,77.197,31.38,31.11,12539,0.677,45.44,9.79,31.3,22.66,73.23,79.1,70.42,48.46,42.75,42.74,Medium,Medium,Medium
Ward 309,28.6403,77.2018,33.04,31.88,13895,0.629,46.76,6.29,32.69,44.37,86.74,71.94,74.04,21.49,58.51,53.18,Medium,Medium,Medium
Ward 310,28.6403,77.2066,33.95,32.6,14457,0.637,20.09,9.12,33.54,57.66,92.34,73.13,1.07,43.3,79.02,78.23,High Risk,High,High
Ward 311,28.6403,77.2114,32.81,32.18,12928,0.604,43.82,7.34,32.62,43.28,77.11,68.21,65.99,29.58,55.28,51.55,Medium,Medium,Medium
Ward 312,28.6403,77.2162,31.72,30.83,14402,0.53,43.82,9.36,31.45,25.0,91.79,57.16,65.99,45.15,44.0,43.33,Medium,Medium,Medium
Ward 313,28.6403,77.221,34.57,32.58,10512,0.61,36.5,9.27,33.97,64.37,53.04,69.1,45.96,44.45,65.88,65.23,Medium,Medium,Medium
Ward 314,28.6403,77.2258,32.56,31.9,11861,0.663,32.71,8.93,32.36,39.22,66.48,77.01,35.6,41.83,56.14,54.89,Medium,Medium,Medium
Ward 315,28.6403,77.2306,32.58,31.85,11866,0.568,36.67,7.48,32.36,39.22,66.53,62.84,46.43,30.66,50.9,47.36,Medium,Medium,Medium
Ward 316,28.6403,77.2354,33.46,33.05,12301,0.603,39.83,12.62,33.34,54.53,70.86,68.06,55.08,70.26,62.56,67.08,High Risk,Medium,Medium
Ward 317,28.6403,77.2402,31.3,30.41,12870,0.525,46.84,10.3,31.03,18.44,76.53,56.42,74.25,52.39,34.21,34.92,Medium,Medium,Medium
Ward 318,28.6403,77.245,32.48,31.86,13407,0.521,34.15,11.15,32.29,38.12,81.88,55.82,39.53,58.94,53.33,55.5,Medium,Medium,Medium
Ward 319,28.6403,77.2498,31.51,30.49,11537,0.57,53.79,10.84,31.2,21.09,63.25,63.13,93.27,56.55,31.68,33.21,Medium,Low,Low
Ward 320,28.6403,77.2546,32.13,31.48,9276,0.449,41.38,13.77,31.94,32.66,40.73,45.07,59.32,79.12,33.1,39.19,Medium,Medium,Medium
Ward 321,28.6451,77.1634,30.58,30.0,11232,0.409,38.37,9.82,30.41,8.75,60.21,39.1,51.08,48.69,21.81,21.69,Low,Low,Low
Ward 322,28.6451,77.1682,30.79,30.43,9759,0.429,41.22,12.86,30.68,12.97,45.54,42.09,58.88,72.11,20.46,25.05,Low,Low,Low
Ward 323,28.6451,77.173,31.73,30.89,7954,0.503,41.55,12.59,31.48,25.47,27.56,53.13,59.78,70.03,26.85,31.06,Low,Low,Low
Ward 324,28.6451,77.1778,31.19,30.66,9247,0.546,48.33,10.29,31.03,18.44,40.44,59.55,78.33,52.31,24.83,25.46,Low,Low,Low
Ward 325,28.6451,77.1826,33.62,32.39,9793,0.664,26.24,11.32,33.25,53.12,45.88,77.16,17.89,60.25,62.35,64.85,Medium,Medium,Medium
Ward 326,28.6451,77.1874,31.0,29.97,8972,0.522,46.52,10.93,30.69,13.12,37.7,55.97,73.38,57.24,20.23,21.82,Low,Low,Low
Ward 327,28.6451,77.1922,31.71,30.84,11177,0.533,32.62,10.02,31.45,25.0,59.66,57.61,35.35,50.23,39.62,39.94,Medium,Medium,Medium
Ward 328,28.6451,77.197,33.69,33.04,10446,0.545,38.13,15.03,33.49,56.88,52.38,59.4,50.42,88.83,57.49,65.72,Medium,Medium,Medium
Ward 329,28.6451,77.2018,32.08,30.51,13814,0.558,45.85,8.69,31.61,27.5,85.93,61.34,71.55,39.98,44.48,42.77,Medium,Medium,Medium
Ward 330,28.6451,77.2066,31.45,31.94,13163,0.611,38.17,10.69,31.6,27.34,79.45,69.25,50.53,55.39,47.58,49.0,Medium,Medium,Medium
Ward 331,28.6451,77.2114,33.62,32.58,11628,0.686,29.89,10.02,33.31,54.06,64.16,80.45,27.88,50.23,67.42,67.94,High Risk,High,High
Ward 332,28.6451,77.2162,33.3,31.64,11514,0.598,40.73,11.4,32.8,46.09,63.02,67.31,57.54,60.86,54.28,56.85,Medium,Medium,Medium
Ward 333,28.6451,77.221,32.42,30.95,9166,0.555,44.26,12.41,31.98,33.28,39.63,60.9,67.2,68.64,36.41,40.41,Medium,Medium,Medium
Ward 334,28.6451,77.2258,33.83,33.08,10615,0.612,35.34,9.29,33.6,58.59,54.06,69.4,42.79,44.61,62.79,62.15,Medium,Medium,Medium
Ward 335,28.6451,77.2306,31.63,30.35,9529,0.518,38.36,12.97,31.25,21.87,43.25,55.37,51.05,72.96,30.42,35.25,Medium,Low,Low
Ward 336,28.6451,77.2354,31.24,30.78,12972,0.475,33.18,10.84,31.1,19.53,77.55,48.96,36.88,56.55,38.22,39.8,Medium,Medium,Medium
Ward 337,28.6451,77.2402,30.0,29.98,9530,0.421,42.07,10.77,29.99,2.19,43.26,40.9,61.2,56.01,11.99,13.27,Low,Low,Low
Ward 338,28.6451,77.245,33.04,32.09,8418,0.509,37.9,9.73,32.75,45.31,32.18,54.03,49.79,48.0,42.97,42.86,Medium,Medium,Medium
Ward 339,28.6451,77.2498,31.87,31.05,11880,0.522,41.37,12.47,31.62,27.66,66.67,55.97,59.29,69.11,39.63,43.75,Medium,Medium,Medium
Ward 340,28.6451,77.2546,30.97,29.5,9085,0.294,30.83,11.67,30.53,10.62,38.82,21.94,30.45,62.94,15.49,18.19,Low,Low,Low
Ward 341,28.6499,77.1634,30.16,30.02,8745,0.44,47.08,13.16,30.12,4.22,35.44,43.73,74.91,74.42,10.18,15.16,Low,Low,Low
Ward 342,28.6499,77.1682,31.8,29.87,11966,0.566,38.02,13.05,31.22,21.41,67.52,62.54,50.12,73.57,38.66,43.67,Medium,Medium,Medium
Ward 343,28.6499,77.173,32.49,31.27,8970,0.444,28.15,15.51,32.12,35.47,37.68,44.33,23.12,92.53,38.82,47.66,Medium,Medium,Medium
Ward 344,28.6499,77.1778,30.0,29.53,11183,0.366,53.32,14.04,29.86,0.16,59.72,32.69,91.98,81.2,8.72,15.05,Low,Low,Low
Ward 345,28.6499,77.1826,30.31,29.5,7521,0.439,46.23,11.28,30.07,3.44,23.24,43.58,72.59,59.94,6.66,8.69,Low,Low,Low
Ward 346,28.6499,77.1874,32.21,31.64,9825,0.549,32.41,10.21,32.04,34.22,46.19,60.0,34.77,51.69,42.9,43.54,Medium,Medium,Medium
Ward 347,28.6499,77.1922,31.7,30.94,10670,0.51,42.5,11.21,31.47,25.31,54.61,54.18,62.38,59.4,33.93,36.06,Medium,Medium,Medium
Ward 348,28.6499,77.197,31.19,29.63,9102,0.475,39.79,7.32,30.72,13.59,38.99,48.96,54.97,29.43,21.48,17.48,Low,Low,Low
Ward 349,28.6499,77.2018,31.31,30.78,7787,0.375,41.09,8.45,31.15,20.31,25.89,34.03,58.52,38.14,18.0,15.73,Low,Low,Low
Ward 350,28.6499,77.2066,33.05,32.11,10506,0.69,36.24,12.31,32.77,45.63,52.98,81.04,45.25,67.87,56.6,60.6,Medium,Medium,Medium
Ward 351,28.6499,77.2114,32.36,32.51,10253,0.599,42.12,13.38,32.4,39.84,50.46,67.46,61.34,76.12,46.25,51.83,Medium,Medium,Medium
Ward 352,28.6499,77.2162,31.5,30.46,11788,0.488,39.78,11.63,31.19,20.94,65.75,50.9,54.94,62.63,34.1,36.88,Medium,Medium,Medium
Ward 353,28.6499,77.221,35.81,35.21,10527,0.622,28.16,13.69,35.63,90.31,53.19,70.9,23.15,78.51,86.85,93.21,High Risk,High,High
Ward 354,28.6499,77.2258,31.47,30.62,11496,0.484,50.22,8.25,31.21,21.25,62.84,50.3,83.5,36.59,29.54,27.04,Low,Low,Low
Ward 355,28.6499,77.2306,31.64,31.17,9690,0.48,44.91,12.42,31.5,25.78,44.85,49.7,68.97,68.72,29.54,33.51,Medium,Low,Low
Ward 356,28.6499,77.2354,30.73,30.34,9489,0.466,47.84,10.88,30.61,11.87,42.85,47.61,76.99,56.86,18.05,19.55,Low,Low,Low
Ward 357,28.6499,77.2402,30.05,29.5,9049,0.41,51.83,11.1,29.88,0.47,38.46,39.25,87.91,58.55,5.53,7.28,Low,Low,Low
Ward 358,28.6499,77.245,30.73,30.28,9300,0.412,37.74,12.6,30.6,11.72,40.96,39.55,49.36,70.11,18.99,23.16,Low,Low,Low
Ward 359,28.6499,77.2498,30.0,29.83,9764,0.38,46.58,13.5,29.95,1.56,45.59,34.78,73.54,77.04,8.9,14.4,Low,Low,Low
Ward 360,28.6499,77.2546,30.32,29.5,9560,0.318,37.75,14.85,30.07,3.44,43.55,25.52,49.38,87.44,10.37,17.97,Low,Low,Low
Ward 361,28.6547,77.1634,31.94,31.22,9971,0.501,47.25,12.92,31.72,29.22,47.65,52.84,75.38,72.57,32.58,37.35,Medium,Low,Low
Ward 362,28.6547,77.1682,31.57,30.1,10125,0.484,33.56,10.43,31.13,20.0,49.18,50.3,37.92,53.39,31.15,32.04,Low,Low,Low
Ward 363,28.6547,77.173,30.0,29.5,9179,0.285,53.21,13.63,29.85,0.0,39.76,20.6,91.68,78.04,0.06,5.69,Low,Low,Low
Ward 364,28.6547,77.1778,32.09,31.05,11080,0.52,52.56,14.07,31.78,30.16,58.7,55.67,89.9,81.43,34.99,41.56,Medium,Medium,Medium
Ward 365,28.6547,77.1826,32.62,31.31,11263,0.493,40.72,13.93,32.23,37.19,60.52,51.64,57.51,80.35,43.45,49.87,Medium,Medium,Medium
Ward 366,28.6547,77.1874,33.02,32.16,11355,0.493,34.75,12.86,32.76,45.47,61.44,51.64,41.18,72.11,51.43,56.24,Medium,Medium,Medium
Ward 367,28.6547,77.1922,31.1,30.85,13436,0.58,44.35,10.54,31.02,18.28,82.17,64.63,67.44,54.24,38.73,39.85,Medium,Medium,Medium
Ward 368,28.6547,77.197,30.96,29.92,8901,0.435,42.02,14.93,30.65,12.5,36.99,42.99,61.07,88.06,17.8,25.58,Low,Low,Low
Ward 369,28.6547,77.2018,32.74,32.24,10020,0.525,35.21,10.31,32.59,42.81,48.14,56.42,42.44,52.47,47.19,48.02,Medium,Medium,Medium
Ward 370,28.6547,77.2066,30.75,30.31,8718,0.518,47.66,11.08,30.62,12.03,35.17,55.37,76.5,58.4,18.25,20.06,Low,Low,Low
Ward 371,28.6547,77.2114,30.9,29.55,7455,0.502,45.85,10.69,30.49,10.0,22.58,52.99,71.55,55.39,13.54,14.71,Low,Low,Low
Ward 372,28.6547,77.2162,32.56,31.01,9563,0.565,30.54,9.62,32.1,35.16,43.58,62.39,29.66,47.15,44.16,43.89,Medium,Medium,Medium
Ward 373,28.6547,77.221,32.05,31.47,9228,0.449,31.74,13.79,31.88,31.72,40.25,45.07,32.94,79.28,35.88,42.02,Medium,Medium,Medium
Ward 374,28.6547,77.2258,30.0,29.5,9334,0.359,41.48,9.97,29.85,0.0,41.3,31.64,59.59,49.85,7.73,7.74,Low,Low,Low
Ward 375,28.6547,77.2306,31.65,30.41,8880,0.439,39.39,9.52,31.28,22.34,36.78,43.58,53.87,46.38,25.46,24.9,Low,Low,Low
Ward 376,28.6547,77.2354,30.19,29.5,8733,0.371,36.07,11.76,29.98,2.03,35.32,33.43,44.79,63.64,9.95,12.75,Low,Low,Low
Ward 377,28.6547,77.2402,31.3,29.5,8833,0.366,44.59,11.29,30.76,14.22,36.31,32.69,68.1,60.02,15.07,17.18,Low,Low,Low
Ward 378,28.6547,77.245,30.45,29.5,9577,0.466,48.28,11.88,30.16,4.84,43.72,47.61,78.19,64.56,13.41,16.42,Low,Low,Low
Ward 379,28.6547,77.2498,31.06,29.61,9014,0.473,48.7,13.75,30.62,12.03,38.12,48.66,79.34,78.97,16.86,22.8,Low,Low,Low
Ward 380,28.6547,77.2546,31.01,30.52,10131,0.509,39.31,13.59,30.86,15.78,49.24,54.03,53.65,77.73,27.23,33.0,Low,Low,Low
Ward 381,28.6595,77.1634,30.95,29.56,9656,0.462,42.43,15.59,30.53,10.62,44.51,47.01,62.19,93.14,19.48,28.3,Low,Low,Low
Ward 382,28.6595,77.1682,30.39,30.15,11106,0.494,39.37,14.65,30.32,7.34,58.96,51.79,53.82,85.9,23.56,30.95,Low,Low,Low
Ward 383,28.6595,77.173,31.35,30.3,11364,0.506,39.82,11.6,31.04,18.59,61.53,53.58,55.05,62.4,32.1,34.82,Medium,Low,Low
Ward 384,28.6595,77.1778,32.97,32.28,10630,0.503,45.83,14.85,32.76,45.47,54.21,53.13,71.49,87.44,45.83,53.69,Medium,Medium,Medium
Ward 385,28.6595,77.1826,30.0,29.5,9723,0.398,47.22,12.94,29.85,0.0,45.18,37.46,75.29,72.73,8.23,12.85,Low,Low,Low
Ward 386,28.6595,77.1874,30.56,29.5,11046,0.486,42.9,12.24,30.24,6.09,58.36,50.6,63.47,67.33,20.95,24.58,Low,Low,Low
Ward 387,28.6595,77.1922,30.0,29.5,12144,0.424,46.76,10.24,29.85,0.0,69.3,41.34,74.04,51.93,15.9,16.39,Low,Low,Low
Ward 388,28.6595,77.197,32.22,30.84,10696,0.414,30.47,12.51,31.81,30.62,54.87,39.85,29.47,69.41,38.13,42.3,Medium,Medium,Medium
Ward 389,28.6595,77.2018,30.65,29.5,9258,0.433,41.15,9.44,30.3,7.03,40.55,42.69,58.69,45.76,15.33,14.57,Low,Low,Low
Ward 390,28.6595,77.2066,30.18,29.51,9599,0.406,44.22,10.18,29.98,2.03,43.94,38.66,67.09,51.46,10.68,11.04,Low,Low,Low
Ward 391,28.6595,77.2114,31.23,29.96,9569,0.599,41.98,12.45,30.85,15.63,43.64,67.46,60.96,68.95,28.25,32.26,Low,Low,Low
Ward 392,28.6595,77.2162,30.57,29.6,8588,0.493,42.19,11.47,30.28,6.72,33.87,51.64,61.53,61.4,15.35,17.74,Low,Low,Low
Ward 393,28.6595,77.221,30.07,29.5,9078,0.376,49.69,11.78,29.9,0.78,38.75,34.18,82.05,63.79,5.24,8.04,Low,Low,Low
Ward 394,28.6595,77.2258,32.93,31.7,8924,0.522,35.46,12.99,32.56,42.34,37.22,55.97,43.12,73.11,43.74,48.7,Medium,Medium,Medium
Ward 395,28.6595,77.2306,32.23,31.06,8340,0.561,36.02,9.21,31.88,31.72,31.4,61.79,44.65,43.99,36.42,35.46,Medium,Medium,Medium
Ward 396,28.6595,77.2354,31.85,31.67,9075,0.451,37.4,13.92,31.8,30.47,38.72,45.37,48.43,80.28,32.64,38.96,Medium,Low,Low
Ward 397,28.6595,77.2402,32.85,32.11,7876,0.537,49.53,9.63,32.63,43.44,26.78,58.21,81.61,47.23,37.12,36.82,Medium,Medium,Medium
Ward 398,28.6595,77.245,31.11,29.9,8582,0.495,39.62,12.3,30.75,14.06,33.81,51.94,54.5,67.8,21.27,24.99,Low,Low,Low
Ward 399,28.6595,77.2498,31.71,31.61,8750,0.424,33.84,11.0,31.68,28.59,35.49,41.34,38.69,57.78,30.74,32.52,Low,Low,Low
Ward 400,28.6595,77.2546,30.45,29.5,7955,0.395,39.98,15.42,30.16,4.84,27.57,37.01,55.49,91.83,9.29,17.77,Low,Low,Low
